id,customer_name,product,category,amount,city,sale_date
1,Rahul,Laptop,Electronics,55000.0,Bangalore,2026-01-05
2,Priya,Mouse,Electronics,1200.0,Chennai,2026-01-08
3,Arjun,Keyboard,Electronics,2500.0,Mumbai,2026-01-12
4,Sneha,Chair,Furniture,7500.0,Bangalore,2026-01-15
5,Kiran,Desk,Furniture,12000.0,Hyderabad,2026-01-18
6,Anita,Monitor,Electronics,18000.0,Delhi,2026-01-20
7,Vijay,Notebook,Stationery,300.0,Chennai,2026-01-22
8,Meena,Pen,Stationery,100.0,Mumbai,2026-01-25
9,Ravi,Headphones,Electronics,3500.0,Bangalore,2026-01-27
10,,Printer,Electronics,15000.0,Hyderabad,2026-01-30
